Date,Close,High,Low,Open,Volume
,MSFT,MSFT,MSFT,MSFT,MSFT
2022-05-31,265.1442565917969,267.9725081076461,262.27698629457734,265.7879325526635,37827700
2022-06-01,265.68072509765625,270.8203419884705,263.35959819128334,268.3919506135823,25292200
2022-06-02,267.7872314453125,267.8555068785204,255.12835897127664,257.90785959544843,44008200
2022-06-03,263.3400573730469,266.6852264023087,261.76990089537674,263.6228914963181,28059000
2022-06-06,262.1014709472656,267.39713259398246,260.6093223682843,265.32958342703967,22400300
2022-06-07,265.75872802734375,266.3731474633337,259.3610157079516,260.04371058407725,22860700
2022-06-08,263.720458984375,266.2463826327096,262.94023194692795,264.9882869966263,17372300
2022-06-09,258.239501953125,265.9635563970034,258.08345654098554,261.1555243257694,26439700
2022-06-10,246.73138427734375,254.13359977054108,246.28275749041563,254.13359977054108,31422800
2022-06-13,236.26681518554688,242.85959159998848,235.55487854905925,239.04631605488257,46135800
2022-06-14,238.44163513183594,239.66071172890824,235.53534580987517,237.82721576489354,28651500
2022-06-15,245.5318145751953,248.98424840348872,240.32392206139252,242.16716558622423,33111700
2022-06-16,238.9097900390625,241.29917752971096,237.0080332559467,239.89479871100755,33169200
2022-06-17,241.52346801757812,244.30296882499619,237.99302668320328,238.64645000368492,43084800
2022-06-21,247.4628448486328,248.4478535525514,243.33747821445448,244.06892429949633,29928300
2022-06-22,246.86795043945312,250.80801526781855,244.1762191516188,245.6586208114906,25939900
2022-06-23,252.45619201660156,252.9535849340357,247.35559312848585,249.24760292750972,25861400
2022-06-24,261.0775146484375,261.35058667708904,255.2454401819131,255.33321014512765,33923200
2022-06-27,258.3370361328125,261.6626516967659,256.7668496223372,261.57488173222293,24615100
2022-06-28,250.13507080078125,260.3070407191202,249.97902539515218,257.4495317749188,27295500
2022-06-29,253.82151794433594,255.4892064501138,249.43282717010936,251.21755715232027,20069800
2022-06-30,250.47637939453125,253.109597154514,246.6436091264857,250.69093809914182,31730900
2022-07-01,253.15835571289062,253.34365777058395,248.3113199662267,250.04729904912202,22837700
2022-07-05,256.347412109375,256.47420082726245,248.43804319024196,249.82291230706377,22941000
2022-07-06,259.62432861328125,261.36029271245513,255.90858506525944,257.225193906022,23824400
2022-07-07,261.7601318359375,262.4038078774227,258.4637438186101,258.5612759029467,20859900
2022-07-08,261.0384826660156,261.46760008401816,256.77659490153445,258.23948707310194,19658800
2022-07-11,257.9664001464844,259.9364174424427,255.69402443760526,259.07818265604794,19455200
2022-07-12,247.39456176757812,259.36102351623987,245.80488089647312,259.3025102122522,35868500
2022-07-13,246.46807861328125,247.27754741494883,241.9721226645982,244.00066829745631,29497400
2022-07-14,247.79443359375,248.82820836055416,239.8558059029623,244.371271225714,25102800
2022-07-15,250.3690948486328,253.92879282199092,248.4673381932592,249.39383349907638,29774100
2022-07-18,247.960205078125,254.38717398041587,247.03370974632665,253.3241426511031,20975000
2022-07-19,253.10958862304688,253.2948906690836,247.40430351046794,251.20781699798198,25012600
2022-07-20,255.7818145751953,258.317500345286,252.50495032778068,253.47044965735498,22788300
2022-07-21,258.2882080078125,258.3369889320587,250.6714193737388,253.36315017839348,22404700
2022-07-22,253.91903686523438,258.766087081019,252.66097112276574,258.6783171289362,21881300
2022-07-25,252.4269256591797,255.03088700831626,250.45690810696632,254.54325624921813,21056000
2022-07-26,245.66836547851562,253.4509629497861,243.39601928294323,253.43143867174322,39348000
2022-07-27,262.09173583984375,263.3693258768842,252.44641619082233,254.69926761568703,45994000
2022-07-28,269.5719909667969,270.9666075420693,261.2432507771247,263.0767468611036,33459300
2022-07-29,273.7948913574219,275.0237303147809,269.78658106335865,270.830117963255,32152800
2022-08-01,271.1324768066406,274.32157140490636,269.01614611818337,270.9471747285564,21539600
2022-08-02,268.02130126953125,271.01536042103027,265.6416614615932,269.1721023903474,22754200
2022-08-03,275.4820861816406,276.4866042234115,269.76703895640605,269.91335197508243,23518900
2022-08-04,276.6328430175781,276.7791262501274,273.2389529719916,274.82860378250814,18098700
2022-08-05,275.91119384765625,276.6328777271908,271.7858275964847,272.24420162439264,16774600
2022-08-08,273.38531494140625,278.8467853762037,272.41005342671457,277.02302134312987,18739200
2022-08-09,275.3163146972656,276.07701749099675,270.74233579565794,272.72214524982263,23405200
2022-08-10,282.0065612792969,282.6404751722234,279.8414800012585,281.041062115649,24687800
2022-08-11,279.91949462890625,284.00584195935807,279.4221315920144,283.65476216861083,20065900
2022-08-12,284.6885681152344,284.6885681152344,279.84151760890535,281.3434285473414,22619700
2022-08-15,286.2099914550781,286.90241878136646,282.93309736302257,283.80109437758836,18085700
2022-08-16,285.4687194824219,286.7658336452833,283.23539259166887,284.76653017389106,18102900
2022-08-17,284.7161865234375,286.70016804395624,282.9081174942072,283.17198623113995,18253400
2022-08-18,283.5923156738281,285.29286306667285,282.5269980125115,283.61185156800366,17186200
2022-08-19,279.66339111328125,282.6931246022663,279.0867691313895,282.3510526263538,20570000
2022-08-22,271.4538269042969,276.057049965206,270.9358423970251,275.685659219277,25061100
2022-08-23,270.17352294921875,272.53864848293165,269.15708983535205,270.17352294921875,17527400
2022-08-24,269.53826904296875,270.94562882196186,268.87366093981734,269.1668782921524,18137000
2022-08-25,272.5289001464844,272.6950298023374,268.29703796509165,271.0433371485085,16583400
2022-08-26,262.0127868652344,273.9850972197535,261.90529472128685,272.7536500390362,27549300
2022-08-29,259.2176818847656,261.33847484333194,257.86895944803223,259.82362273007027,20338500
2022-08-30,257.00885009765625,260.99634925149246,254.75121685619646,260.6249883577702,22767100
2022-08-31,255.5428466796875,261.0549803596485,255.40600596499164,259.37399895593006,24791800
2022-09-01,254.4971160888672,254.97602880437722,249.6202414585825,253.0018000901067,23263400
2022-09-02,250.25550842285156,258.7387389192011,248.7015548739836,255.76767255162795,22855400
2022-09-06,247.5092010498047,251.98536617249096,246.2288991777228,250.39234088968416,21328200
2022-09-07,252.23948669433594,252.9627024699416,247.4798869965814,248.92633346068814,24126700
2022-09-08,252.6597442626953,254.5264511221941,249.01430171793672,251.67265966820906,20319900
2022-09-09,258.4650573730469,259.2176216502665,254.38960207945766,254.59483332515947,22084700
2022-09-12,260.6054382324219,261.3873213270638,259.149223843225,259.7551646004535,18747700
2022-09-13,246.27777099609375,254.49711760874706,245.8868294468606,252.97248284897586,33353300
2022-09-14,246.5025634765625,248.4669945133989,244.19606043381268,247.782865414468,23913000
2022-09-15,239.81759643554688,245.7011210386076,238.48842506446817,244.1080809128041,31530900
2022-09-16,239.19212341308594,239.739426682432,236.57286716463537,238.72299354259306,39791800
2022-09-19,238.9771270751953,239.58306789523974,235.39032189172855,236.97359431204936,26826900
2022-09-20,236.9540252685547,237.98999429905646,234.20772606919547,236.58264942980037,26660300
2022-09-21,233.53335571289062,242.04591952184435,233.4844861559874,238.73276637917772,28625600
2022-09-22,235.51731872558594,238.3320379551584,232.18462995525593,232.47781744759155,31061200
2022-09-23,232.52670288085938,235.66394347915048,229.86836007424546,234.10997509917544,34176000
2022-09-26,232.06736755371094,235.9766936524482,231.52983223255546,231.67644090899546,27694200
2022-09-27,231.05096435546875,236.31878101957915,229.1842574428307,234.54003037078772,27018700
2022-09-28,235.60531616210938,236.83674850593616,229.40902300524974,231.44187435188914,29029700
2022-09-29,232.11624145507812,234.5107007527724,229.0962905663997,233.47473170328885,27484200
2022-09-30,227.62051391601562,235.0873264233734,227.45436934068638,232.88833041765147,35694800
2022-10-03,235.28280639648438,236.13308008615962,229.34062868997546,230.07362736394273,28880400
2022-10-04,243.23828125,244.6847277702556,239.42667925234394,239.5341863194985,34888400
2022-10-05,243.55101013183594,244.8997323923168,238.56662836174206,240.41378432536368,20347100
2022-10-06,241.1956329345703,244.66516272217248,240.50173592478694,242.3097902416394,20239900
2022-10-07,228.9301300048828,235.84963863538212,227.88437816875282,235.43914629265618,37769600
2022-10-10,224.05323791503906,229.24286559802218,221.59035845242354,227.76710045738744,29743600
2022-10-11,220.30029296875,223.86754691341076,219.02975905938624,222.46018719306292,30474000
2022-10-12,220.63258361816406,222.69475365624942,218.8831668147149,220.29051163189263,21903900
2022-10-13,228.9301300048828,230.74796714436056,214.16265082548793,214.86633068031122,42551800
2022-10-14,223.37887573242188,231.86212054552945,223.16386161855522,230.2006451360336,30198600
2022-10-17,232.14553833007812,233.54313005951505,229.80971675903513,230.474309900326,28142300
2022-10-18,233.09356689453125,238.4004698757012,230.03451447301313,237.7261236555429,26329600
2022-10-19,231.1193389892578,234.17839122462001,228.97898071038742,231.6666422196203,19985700
2022-10-20,230.79684448242188,235.83987896691403,229.54586126481243,230.42546862628225,21811000
2022-10-21,236.63148498535156,237.4915414301466,229.18422413732256,229.41878905305603,26299700
2022-10-24,241.6452178955078,242.22183991219995,235.8300983443022,238.23432552805727,24911200
2022-10-25,244.9779052734375,245.34928108433226,240.25739257196295,241.6549693897686,34775500
2022-10-26,226.07632446289062,232.89809399809977,224.84487725737247,225.9297157935745,82543200
2022-10-27,221.60989379882812,228.39257606565786,220.66188115272115,225.80263892137532,40424600
2022-10-28,230.52316284179688,231.2366255329459,220.9257758198507,221.11147118020745,40647700
2022-10-31,226.86798095703125,229.5947294617244,225.91018528603985,228.46102126722204,28357300
2022-11-01,222.99771118164062,230.39611728444083,222.1767563573702,229.28196004781836,30592300
2022-11-02,215.11068725585938,226.05679799638708,215.05203483408113,224.25851146382894,38407000
2022-11-03,209.39328002929688,215.41364582533683,209.12939634093038,215.10089257795497,36633900
2022-11-04,216.37142944335938,216.5668927691409,208.5918638089294,212.61847990192896,36789100
2022-11-07,222.70452880859375,223.23229618089562,216.26391766746684,216.95782960870955,33498000
2022-11-08,223.68186950683594,226.3988500523262,220.72055607119086,223.51572493107818,28192500
2022-11-09,219.4207000732422,223.4473161844384,219.2447875531126,222.21586889194765,27852900
2022-11-10,237.47201538085938,237.8140873878515,229.67291380266073,230.09315921015215,46268000
2022-11-11,241.50839233398438,242.36844884310648,236.44580730923667,237.4817912465408,34620200
2022-11-14,236.07440185546875,238.38090454819653,233.78744996628518,236.50443005607974,31123300
2022-11-15,236.4849090576172,241.40088540956577,234.58888352299294,240.09126475202578,31390100
2022-11-16,236.91616821289062,238.94495327099028,235.6322580344447,237.95505690827665,24093300
2022-11-17,236.86712646484375,238.40586833296084,232.89779098068917,233.04479786716809,23123500
2022-11-18,236.4163055419922,238.88612602549412,234.26991517757338,238.6606955166367,27613500
2022-11-21,237.22976684570312,239.79758681244928,236.38689247384355,236.6221034906922,26394700
2022-11-22,240.15040588378906,240.42482869254758,235.9164432951424,238.73908003593303,19665700
2022-11-23,242.64962768554688,243.3356847079872,239.40554630056928,240.2288147274977,19508500
2022-11-25,242.56141662597656,243.74731195481718,241.81654191868392,242.38499342243637,9200800
2022-11-28,236.94554138183594,241.73816042164293,236.00466737367165,241.1795192833434,24778200
2022-11-29,235.54400634765625,237.95500887957246,233.46622937626154,236.59269030692607,17956300
2022-11-30,250.05909729003906,250.2453159899474,235.08338705062414,235.7792545679253,47594200
2022-12-01,249.61805725097656,251.0195727804044,245.92312956124096,248.81437970870576,26041500
2022-12-02,249.94149780273438,250.96078050717315,244.71763842454288,244.84505437069396,21528500
2022-12-05,245.21746826171875,248.76538908628117,243.1200852129101,246.9914211965386,23435300
2022-12-06,240.23861694335938,246.84440035606815,238.925305612841,245.82511774482512,22463700
2022-12-07,239.50355529785156,241.25791720433986,237.386581396251,239.9544013330992,20481500
2022-12-08,242.47323608398438,243.78656250376164,238.21966703546897,239.96421867204762,22611800
2022-12-09,240.5326385498047,243.36508571705198,239.29773591127204,239.8269756263799,20609700
2022-12-12,247.4814453125,247.51084668836435,242.24779103974268,242.52221385109104,30665100
2022-12-13,251.8036346435547,258.6642346372592,248.03029866504872,256.4786327288644,42196900
2022-12-14,252.09767150878906,257.36072748667533,249.2456182321453,252.00946737567781,35410900
2022-12-15,244.05116271972656,249.1378104779901,242.41442120789245,248.66737347549784,35560400
2022-12-16,239.81716918945312,244.86460449647427,238.66066030201907,243.6003005401741,86102000
2022-12-19,235.66163635253906,240.32685450458052,233.95629656849025,239.98381847989876,29696400
2022-12-20,236.98471069335938,238.07260635172838,233.67201644527864,234.6324961848999,25150800
2022-12-21,239.56236267089844,240.72866715475755,235.32839983113104,236.87693717521168,23690600
2022-12-22,233.44662475585938,237.17095355808544,229.21264718155905,236.45548020048759,28651700
2022-12-23,233.97589111328125,234.11310253427794,229.281286465323,231.4080709682333,21207000
2022-12-27,232.24111938476562,234.17187449957135,231.13361773276105,233.94645897077334,16688600
2022-12-28,229.85951232910156,234.94615982143847,229.5066808569475,232.17251532323996,17457100
2022-12-29,236.21046447753906,237.102346111506,230.95720418697826,230.95720418697826,19770700
2022-12-30,235.04417419433594,235.18138560256986,231.9470996028593,233.46623552218477,21938500
2023-01-03,234.80892944335938,240.85605630555537,232.67233488044818,238.23922932970504,25740000
2023-01-04,224.5376434326172,228.232555812996,221.46017488373835,227.65430882995585,50623400
2023-01-05,217.88287353515625,223.01852855170435,217.3438233498918,222.67549253701173,39585600
2023-01-06,220.45068359375,221.26415657200155,214.98181819404755,218.55912524866,43613600
2023-01-09,222.5970916748047,226.63505551365208,221.9012391016624,221.9404359551807,27369800
2023-01-10,224.29263305664062,226.70363566114452,222.8028985080936,223.22432820821962,27033900
2023-01-11,231.07481384277344,231.2512220935921,226.50761080924343,226.6840190600621,28669300
2023-01-12,233.76026916503906,235.1225878893982,228.9088472303744,230.57499017345114,27269500
2023-01-13,234.46592712402344,234.60313854097345,230.2417596219311,232.28033992727597,21333300
2023-01-17,235.56362915039062,236.11247480825548,232.36853985579916,233.2310201495425,29831300
2023-01-18,231.11399841308594,237.5531684144603,230.82978015022601,236.75930141810903,30028700
2023-01-19,227.31129455566406,230.82981397653035,226.08618729413027,229.12445928470314,28623000
2023-01-20,235.43621826171875,235.9458670784951,229.8399216164332,230.18295763742017,35389800
2023-01-23,237.74920654296875,240.28762508379944,234.87754747647304,236.2986837989115,31934000
2023-01-24,237.21995544433594,239.0919228720018,235.6518271703912,237.67080148298487,40234400
2023-01-25,235.81845092773438,238.45488418950694,226.30181098777524,229.81052003551318,66526600
2023-01-26,243.06126403808594,243.36508822534608,237.1807495855516,238.7978850780299,33454500
2023-01-27,243.2180633544922,244.85480462811606,241.9145476193478,244.03153625484185,26498900
2023-01-30,237.87664794921875,240.70909551367092,237.37679458465902,239.64079055025167,25867400
2023-01-31,242.8750457763672,243.01225718230123,238.11182846334003,238.60187133523615,26541100
2023-02-01,247.71664428710938,250.0982452021906,240.5816220595261,243.06123752009148,31259900
2023-02-02,259.3307189941406,259.4189231304734,252.12708209516663,253.66582404083547,39940400
2023-02-03,253.2051544189453,258.93866192348526,251.9800472560027,254.3714588308541,29077300
2023-02-06,251.65663146972656,253.15616161509,249.70627021074858,252.31330214573043,22518000
2023-02-07,262.2317199707031,263.4176152589011,254.90066837762996,255.34171889390444,50841400
2023-02-08,261.41827392578125,271.2485324657394,260.9086102109095,267.7594297078376,54686000
2023-02-09,258.3702392578125,268.5239446989901,257.5665616442939,268.3475065061302,42375100
2023-02-10,257.8605651855469,258.8308405007959,255.46915357779656,256.32182338936,25818500
2023-02-13,265.9168395996094,269.1315192610283,261.82986937309755,262.31013166920565,44630900
2023-02-14,266.75,269.49422863256655,263.9175373133073,267.24004296366184,37047900
2023-02-15,264.61785888671875,266.0032448214542,261.53266680835156,263.63531822248893,28922400
2023-02-16,257.5730285644531,262.08288660517877,257.32739339893584,259.41037480496044,29603600
2023-02-17,253.554443359375,255.548999723687,251.53041197430025,254.8612392443018,30000100
2023-02-21,248.258544921875,251.02931675886796,247.19739921785944,250.03694110450442,28397400
2023-02-22,247.11875915527344,249.899350607588,245.9691885535539,249.65371547921086,22491100
2023-02-23,250.32188415527344,252.3557354930105,246.10677639534023,251.09808466765125,29219100
2023-02-24,244.86874389648438,246.61766478200235,243.76830333724922,245.59582926162372,24990900
2023-02-27,245.7923583984375,248.40591997457756,245.03579794379073,248.05220476132266,21190000
2023-02-28,245.0652618408203,247.09912797283138,244.38730646348327,244.72138164422634,22491000
2023-03-01,241.97027587890625,246.5489036451056,241.49864560005906,246.38187354348958,27565300
2023-03-02,246.7257537841797,247.01068394203705,241.32178085393133,242.245371353518,24808200
2023-03-03,250.832763671875,251.1570038437467,247.00086162680662,247.78689704415822,30760100
2023-03-06,252.38519287109375,255.57844974197445,251.51073235845544,251.9528726190246,24109800
2023-03-07,249.71266174316406,253.19086350423132,248.96593636142163,251.8251178183798,21473200
2023-03-08,249.27053833007812,250.09586880646756,246.43099669705938,249.6045985239911,17340200
2023-03-09,247.91465759277344,255.02824211967837,247.18757213332034,251.35354977883682,26653400
2023-03-10,244.249755859375,248.37642324072814,243.27705029353803,246.69628726753015,28333900
2023-03-13,249.48670959472656,253.4070520212103,241.43969960963778,243.08054062729633,33339700
2023-03-14,256.23675537109375,256.511865522419,251.392822721387,252.2672832007519,33620300
2023-03-15,260.8055725097656,261.8274231030396,254.6843339357489,255.44090936840504,46028000
2023-03-16,271.3777160644531,271.7314162751919,258.68327877053844,260.57957486476903,54768800
2023-03-17,274.5512390136719,278.38314032881783,271.49555296003996,273.40168361150387,69527400
2023-03-20,267.47705078125,272.6353891713259,265.13859924685386,272.1441188484615,43466600
2023-03-21,268.9999694824219,270.19867023704575,264.814336850172,270.08077016032206,34558700
2023-03-22,267.53594970703125,276.13317871461095,267.4278546645775,268.6265552227389,34873300
2023-03-23,272.8122253417969,276.15285736950943,270.39518387262524,273.0873355091436,36610900
2023-03-24,275.6714172363281,275.7303672722425,270.47376918164593,272.39954031928613,28172000
2023-03-27,271.5545349121094,276.54582721480784,270.7095345313454,275.60259677665124,26840200
2023-03-28,270.4247131347656,271.3188288541802,267.30021062595733,270.9749335798261,21878600
2023-03-29,275.6124572753906,276.2314626149595,273.5491161384135,274.0895014430885,25087000
2023-03-30,279.0906982421875,279.49354356258004,276.5655912108352,279.2675783720718,25053400
2023-03-31,283.2664489746094,284.21951457614847,278.05899567842283,278.77626112609994,32766000
2023-04-03,282.2151794433594,283.23700019459676,278.99244710806266,281.5175539489557,24883300
2023-04-04,282.166015625,285.3789427288405,280.68239963863556,282.2151606481745,25824300
2023-04-05,279.3755798339844,282.1365164147506,277.98038902724386,280.8592256779027,22064800
2023-04-06,286.5088806152344,286.98048097168265,277.10595870662456,278.26534956257757,29770300
2023-04-10,284.33746337890625,284.54378852713467,279.7391501821954,284.16058326709117,23103000
2023-04-11,277.8919982910156,280.9870257656418,276.7228023375367,280.76103058954936,27276600
2023-04-12,278.5404357910156,281.9989980260232,277.0371498147004,279.81775661090296,27403400
2023-04-13,284.779541015625,284.83849104810594,278.22601253185434,278.6386627592207,24222700
2023-04-14,281.1441650390625,283.4433063088322,278.7369287176148,281.98913551237405,20987900
2023-04-17,283.7576904296875,286.50882187894223,281.1637990466979,284.8679660158174,23836200
2023-04-18,283.335205078125,286.6660318350577,281.99896436302697,286.47934673739593,20161800
2023-04-19,283.41387939453125,284.00337983189127,279.5721416256665,280.99680766230375,17150300
2023-04-20,281.11468505859375,283.98371688946736,280.10266940979704,280.269714510074,23244400
2023-04-21,280.7708435058594,281.2719188794291,278.1179715890854,280.03393797172913,21676400
2023-04-24,276.8504638671875,279.974965874203,273.85372692501556,277.16488406665934,26611000
2023-04-25,270.611328125,276.68342145250523,270.5621831072535,274.6299153265919,45772200
2023-04-26,290.2130432128906,294.33972616743455,287.61915134399425,291.5198391418934,64599200
2023-04-27,299.50787353515625,299.87143878760514,290.0951466606812,290.8025771762299,46462600
2023-04-28,301.8954162597656,303.53624217197233,298.0143691284371,298.70215950112447,36446700
2023-05-01,300.22515869140625,303.2120910618563,299.8223133729603,301.61054479100875,21294100
2023-05-02,300.0776672363281,303.7818337507323,298.6038566359639,302.38664317384945,26404400
2023-05-03,299.0853576660156,303.2218452657529,298.78077247368105,301.26659903403873,22360800
2023-05-04,300.0776672363281,302.38664317384945,298.10275143671896,300.89316257523814,22519900
2023-05-05,305.2261962890625,306.5231569282417,298.9575831844526,300.38227888450245,28181200
2023-05-08,303.2611389160156,304.7840947802389,300.7458374723301,304.71530974445443,21318600
2023-05-09,301.6399841308594,304.6269161479535,300.9620286732827,302.62252479578075,21340800
2023-05-10,306.85723876953125,307.53519415222576,302.298266179924,303.2316617176461,30078000
2023-05-11,304.6956481933594,305.6880237851026,300.9128909069213,304.68584317708854,31680200
2023-05-12,303.5755615234375,305.226222486931,301.2469451669451,305.1279624328462,19758100
2023-05-15,304.0569763183594,304.4892965393922,302.2196303713481,303.70327612919976,16336500
2023-05-16,306.29718017578125,308.2327862505442,304.4205241349901,304.4205241349901,26730300
2023-05-17,309.19219970703125,309.6156085646195,305.9821054697701,307.50839072780883,24315000
2023-05-18,313.6429748535156,314.1550321133072,308.91648200354047,309.71407729634495,27276000
2023-05-19,313.4657287597656,313.8694546447181,311.5258912419883,311.8902211734482,27529500
2023-05-22,316.2622985839844,317.6507132093023,313.14085234044455,313.7218150474392,24115700
2023-05-23,310.43292236328125,317.7786905434151,310.4230658616671,315.12987593584427,30797200
2023-05-24,309.04449462890625,311.6539131682788,307.82346044326306,309.9110253250696,23384900
2023-05-25,320.9296875,321.89466299286516,315.10031838769214,318.29069949526894,43301700
2023-05-26,327.7929992675781,328.29517001444793,318.9209454523759,319.058786228864,36630600
2023-05-30,326.1386413574219,330.59927867316253,325.4592039473821,330.0971080159677,29503100
2023-05-31,323.3618469238281,330.7962325265706,322.3180495450649,327.20212577855807,45950600
2023-06-01,327.4876403808594,328.4231063396508,319.74800432295723,320.9394688202307,26773900
2023-06-02,330.2645263671875,332.3323782865881,327.45815805159447,329.13214056975426,25864000
2023-06-05,330.79620361328125,333.37608225813574,329.53580373906595,330.0872268058912,21307100
2023-06-06,328.5709228515625,330.2350491821267,327.0840633277446,330.19565321948147,20396200
2023-06-07,318.4285583496094,329.36843269361947,317.5620276985379,326.57192107899317,40717100
2023-06-08,320.27978515625,321.6386600689706,318.3990265502694,318.97998914840355,23277700
2023-06-09,321.786376953125,324.93736225634893,319.44281341585213,320.0139195478964,22514900
2023-06-12,326.76885986328125,327.01503196954405,320.1812918956647,323.5489094811682,24260300
2023-06-13,329.17156982421875,331.82038463720977,325.33129018559436,329.34880656516015,22951300
2023-06-14,332.17486572265625,333.8488484484753,327.71422733831974,329.2207997714317,26003800
2023-06-15,342.7701110839844,344.48345964894935,332.03701124714706,332.3127228558807,38899100
2023-06-16,337.0884094238281,346.088476963345,336.71425302671787,345.94077969470817,46533600
2023-06-20,332.8739318847656,336.842225295789,330.7174616885454,334.1146489977438,26375400
2023-06-21,328.45269775390625,332.55886207227235,326.9855214866997,331.21967006940366,25117800
2023-06-22,334.508544921875,334.91227084067236,328.236083553627,329.0041394344266,23556800
2023-06-23,329.89031982421875,332.78530632497916,328.34438176725655,329.2404218291187,23084700
2023-06-26,323.56866455078125,330.9636551501701,323.4603331837818,328.61026513447996,21520600
2023-06-27,329.44720458984375,331.0029990368277,324.25787749926053,326.7786773945669,24354100
2023-06-28,330.7076721191406,332.8050636439162,328.6988989622739,329.5358902818276,20259500
2023-06-29,329.9198913574219,330.9636588312666,327.52710535890856,329.5851008516896,16997000
2023-06-30,335.3258361816406,337.48230643910676,332.0369801390501,332.5785468035808,26823800
2023-07-03,332.8148498535156,335.68029693733763,331.41660903960724,333.9964880500449,12508700
2023-07-05,332.972412109375,336.41882187846574,329.6047942488933,329.9592676867089,18172400
2023-07-06,336.0446472167969,337.73831270755437,330.3630051592924,332.13543251111116,28161200
2023-07-07,332.05670166015625,336.5567359201338,331.84006895912,334.1245537972637,21185300
2023-07-10,326.7491760253906,330.0971410096197,322.5741063466411,329.4767824384207,32791400
2023-07-11,327.3793640136719,327.76337687578695,321.9931170915051,325.99094971925894,26698200
2023-07-12,332.0369567871094,336.4188023518634,330.53038466322164,331.4461377080676,29995300
2023-07-13,337.4133605957031,338.47681093963564,333.8290800785116,334.36082027563174,20567200
2023-07-14,339.9538879394531,346.04911287235325,339.0381347392737,342.26791219553434,28302200
2023-07-17,340.4364318847656,341.67711920094683,336.96048200829125,340.3871794200377,20363900
2023-07-18,353.9856872558594,361.16407540289185,336.93090392473795,340.534837675606,64872700
2023-07-19,349.6431884765625,356.9101946041354,347.04362639492615,356.21107416498864,39732900
2023-07-20,341.55889892578125,352.4889474054873,340.0818661596131,348.1563239681224,33778400
2023-07-21,338.5063171386719,344.93633112576225,334.62664247659785,343.8039454869001,69368900
2023-07-24,339.8258361816406,341.6081500253585,337.06872038252897,340.5545261109339,26678100
2023-07-25,345.6059875488281,346.50205770801625,339.78647478990905,341.79521773437693,41637700
2023-07-26,332.5982360839844,339.3926110246211,328.00958389884386,336.21205623429853,58383700
2023-07-27,325.6562194824219,336.10375124826726,324.01177627562015,335.26678996698075,39635300
2023-07-28,333.1890563964844,334.8039600258681,328.0686940198267,328.5610382897155,28484900
2023-07-31,330.7765808105469,332.52932517386967,328.2557505534437,331.7612693303981,25446000
2023-08-01,331.19012451171875,333.3564512189415,328.5905625133595,330.0577387535238,18311900
2023-08-02,322.4854736328125,328.52161875649267,321.3629143538821,328.52161875649267,27761300
2023-08-03,321.6583557128906,324.82905395091615,320.9592352774214,321.0084576833229,18253700
2023-08-04,322.76123046875,330.00855424396565,322.22949020677027,326.7984597683666,23727700
2023-08-07,325.05548095703125,326.0401693802271,322.5051415469907,323.3421327167684,17741500
2023-08-08,321.05767822265625,323.71634923267544,318.05439027271234,321.9537483771396,22327600
2023-08-09,317.2961730957031,322.101427535395,316.134217875359,321.4712425475284,22373300
2023-08-10,317.9855041503906,323.2339115757913,316.2622989824461,321.0281885266093,20113700
2023-08-11,316.0948791503906,317.4734371020371,314.32242174086554,315.3563627423326,24342600
2023-08-14,319.0784606933594,319.0981436446772,315.1790727103108,316.4690422541551,18836100
2023-08-15,316.9318542480469,320.1124092027747,315.9865616184338,318.05441366158993,16966300
2023-08-16,316.16217041015625,320.129018488505,315.57010038655903,316.5568737212436,20698900
2023-08-17,312.688720703125,317.6127097168365,312.02756935768224,316.3003145091052,21257200
2023-08-18,312.29400634765625,314.1688694839408,307.4291913799028,310.3303071193683,24744800
2023-08-21,317.62261962890625,318.5008322758043,312.8466400945614,313.7248527414595,24040000
2023-08-22,318.19488525390625,321.7669995051517,317.2081120302946,321.1946842855857,16102000
2023-08-23,322.67486572265625,324.8457790055064,319.18167984531766,319.5369338888436,21166400
2023-08-24,315.73785400390625,328.57578427329713,315.7279766344483,328.44749892606876,23281400
2023-08-25,318.70806884765625,321.05656413544324,314.5833333396425,317.2180314460419,21684100
2023-08-28,319.41851806640625,321.83609449836024,317.46469615983295,321.3525852347555,14808500
2023-08-29,324.0661926269531,324.6286605824637,317.62256478776396,317.62256478776396,19284600
2023-08-30,324.441162109375,325.447659911419,322.1321164830898,324.32275414606715,15222100
2023-08-31,323.4248352050781,326.5331651614873,322.45778650386836,324.8457912046821,26411000
2023-09-01,324.3129577636719,327.59890002172364,322.4578189047863,326.92790131946913,14931200
2023-09-05,329.1382141113281,330.4210374382803,324.31290845170753,324.64840775182194,18553900
2023-09-06,328.47711181640625,330.03620043198475,325.81281177247035,328.97049848276976,17535800
2023-09-07,325.5464172363281,328.6744720623306,324.6780518228213,326.90816935169704,18381000
2023-09-08,329.84869384765625,331.7137098037089,325.1023167744585,325.72398875980934,19530100
2023-09-11,333.47021484375,333.9438769304571,330.9934039017012,332.77946139821074,16583300
2023-09-12,327.3817443847656,332.33536528300334,327.0956018294752,331.37819404327416,17565500
2023-09-13,331.614990234375,332.3945494732388,326.7896850758268,326.92781766085665,16544400
2023-09-14,334.2201232910156,336.3515270839073,332.1182913781519,334.6641532003969,20267000
2023-09-15,325.852294921875,332.93732030579133,325.28982688834475,332.46368837349866,37666900
2023-09-18,324.7076110839844,326.0298836572718,322.043311199017,323.4642671224755,16834200
2023-09-19,324.3030090332031,325.0332416851502,320.21778360821713,321.8558307484151,16505900
2023-09-20,316.5272216796875,325.2305683428645,316.2706811307051,325.1516397386993,21436500
2023-09-21,315.30364990234375,321.046677345135,310.8335683618871,315.0372319704766,35529500
2023-09-22,312.8170471191406,317.19832345154833,311.96840633060816,317.0700380905197,21447900
2023-09-25,313.3399963378906,313.4682816827549,310.83358377019226,312.40254967459873,17836000
2023-09-26,308.0113830566406,311.70190497196,305.91939869950795,310.96182511532044,26297600
2023-09-27,308.65283203125,310.1428392517049,305.593828747816,308.16929263193225,19410100
2023-09-28,309.4916076660156,311.30726701468535,305.35702492417727,306.87663419975775,19683600
2023-09-29,311.5736389160156,315.2444364365429,310.81383439055213,313.5471853224512,24140300
2023-10-02,317.5435791015625,317.63241518293364,311.0111458421212,312.09660230077293,20570000
2023-10-03,309.24493408203125,317.13912137906925,307.093745156998,316.5865005634567,21033500
2023-10-04,314.7412109375,315.80694299104033,309.84682368319505,309.87642567835275,20720100
2023-10-05,315.1358642578125,315.7476889172443,310.7348643635043,314.86944634365227,16965600
2023-10-06,322.93145751953125,324.8359228657201,312.1163998758835,312.363093214424,25645500
2023-10-09,325.4575500488281,325.9311819206421,318.9053614253998,320.45460260529177,19891200
2023-10-10,324.0464782714844,326.72062531613193,323.3360003351507,326.5824626080448,20557100
2023-10-11,328.0232238769531,328.41792721055504,324.78660835912325,326.8292063918448,20063200
2023-10-12,326.7798156738281,329.2171466760317,324.3720866629903,326.19762310101714,19313100
2023-10-13,323.395263671875,329.4145574407589,322.0433587912117,327.9837540505877,21072400
2023-10-16,328.24029541015625,331.6940020700412,326.22726938220796,326.6712993129767,22158000
2023-10-17,327.66790771484375,329.04938417767374,323.07941833897735,325.230576696379,18338500
2023-10-18,325.7436828613281,331.1512107763228,323.9576257989268,328.0922078686212,23153600
2023-10-19,326.937744140625,332.42420139961934,326.5331634650962,327.75675274742485,25052100
2023-10-20,322.3492736816406,327.52983393285876,321.1454089520383,327.33246721104837,25012600
2023-10-23,324.96417236328125,328.329072743361,320.09938749138905,321.1650893461635,24374700
2023-10-24,326.1581726074219,327.450843201344,323.2669341104162,326.91797719567256,31153600
2023-10-25,336.1640625,341.6209174681372,333.15438596388094,340.4565021251705,55053800
2023-10-26,323.5531005859375,337.1113556219108,322.61565393783195,336.0357763758335,37828500
2023-10-27,325.4477233886719,332.2663310024127,324.0563693205719,326.059518061042,29856500
2023-10-30,332.8485107421875,334.9602201307453,327.44098203313024,329.0001007639954,22828100
2023-10-31,333.6379089355469,334.5161516349393,330.2631610837394,334.368141661427,20265300
2023-11-01,341.49267578125,342.824825886297,335.1575773399262,335.2957400698119,28158800
2023-11-02,343.712890625,344.21612454156855,340.2098272647779,342.64715857381447,24348100
2023-11-03,348.1336364746094,349.70263264932424,342.73598488058093,345.00558172330744,23624000
2023-11-06,351.814208984375,352.81085944289595,348.6762777818491,348.77496111374944,23828300
2023-11-07,355.7613525390625,357.66581765167786,352.89971618574515,354.6462939673867,25833900
2023-11-08,358.3960876464844,359.057208917739,355.78111421518867,356.89617290299117,26767800
2023-11-09,355.9192810058594,359.9650577521111,355.59362893748545,357.5079716401421,24847300
2023-11-10,364.7804870605469,365.20479233824454,356.2942309369423,356.7086588455069,28042100
2023-11-13,361.8300476074219,363.5963803497688,361.0603655929023,363.3496870103211,19986500
2023-11-14,365.3725280761719,367.03033005742196,362.4911669897253,366.1027607739128,27683900
2023-11-15,365.5208435058594,368.9420000758944,362.98954914112466,367.11275840931216,26860100
2023-11-16,371.94793701171875,372.12590947641365,366.02514736390873,366.79639155264005,27182300
2023-11-17,365.6988830566406,370.1681406109191,362.8808648558553,369.41666104402844,40157000
2023-11-20,373.2036437988281,374.6175863426899,366.83592346802067,367.053455411311,52465100
2023-11-21,368.8827209472656,371.9973597461241,366.9545954086588,371.45354494039043,28423100
2023-11-22,373.60906982421875,375.5272979461787,370.76138971842033,373.7573802099264,23345300
2023-11-24,373.1937255859375,373.72767308517814,370.92945022860397,373.09484194903376,10176600
2023-11-27,374.3604736328125,376.36771791708816,371.977549983846,372.55102679717527,22179200
2023-11-28,378.4046325683594,378.70125333384794,373.91558054196696,374.1034504184605,20453100
2023-11-29,374.5978698730469,379.9866820647469,373.20369180829834,379.45276464211935,28963400
2023-11-30,374.65716552734375,375.82391411402256,371.2557732398662,374.2418662773965,30554400
2023-12-01,370.30657958984375,373.91560663875174,367.1424837202218,372.53132601143756,33020400
2023-12-04,364.996826171875,365.3725357450279,358.82684275276864,364.9572666786292,32063300
2023-12-05,368.3388671875,368.8925793974309,361.51631803473913,362.33701910752933,23065000
2023-12-06,364.66064453125,369.9802652283336,363.8992977327105,369.3474641617025,21182100
2023-12-07,366.7865295410156,367.2809176222543,362.2084910807366,364.0970571720749,23118900
2023-12-08,370.02972412109375,370.2571233325587,364.0970669863145,365.05618109677266,20144800
2023-12-11,367.132568359375,367.429219306122,361.990950541345,364.3442425802933,27708800
2023-12-12,370.1780090332031,370.2175685270605,366.301993361596,366.6876305328375,24838300
2023-12-13,370.1680908203125,373.4014078665919,366.6084909494342,371.7995652934086,30955500
2023-12-14,361.82281494140625,369.56494835815715,360.04303011057067,369.119987062923,43277500
2023-12-15,366.5689697265625,368.2202088944094,362.168904067831,362.7325136796333,78478200
2023-12-18,368.4674072265625,368.813484896194,364.5419649068583,365.30334181505793,21802900
2023-12-19,369.070556640625,369.070556640625,365.6889292857822,367.3204037269137,20603700
2023-12-20,366.4602355957031,371.80951853431884,366.3712493574519,370.79108024092596,26316700
2023-12-21,369.3474426269531,370.20767302873213,365.88672618527943,368.3784311602655,17708000
2023-12-22,370.3757629394531,370.96903467399375,368.52675633726045,369.48587042516914,17091100
2023-12-26,370.4548645019531,372.70927284710115,369.3078805824845,370.7910447615306,12673100
2023-12-27,369.8714904785156,370.8503691813732,368.6256229112042,369.4957507248787,14905400
2023-12-28,371.0679016113281,372.23465019250256,369.9604771834302,371.1568878412429,14327000
2023-12-29,371.8193359375,372.92676023082794,369.2880717884507,371.7797764484386,18723000
2024-01-02,366.7073974609375,371.68094017367383,362.65340930447013,369.6638284252025,25258600
2024-01-03,366.4404602050781,369.07060847824977,364.37392159938355,364.8683096918958,23083500
2024-01-04,363.8102722167969,368.91236039556355,363.0489255004596,366.5096417702584,20901500
2024-01-05,363.6224060058594,367.8840285269613,362.3864358970699,364.82871403903994,20987000
2024-01-08,370.4845275878906,370.988813066157,364.86828645661416,365.1550098059731,23134000
2024-01-09,371.5721740722656,371.76991118457596,367.0237980384077,367.83460167151895,20830000
2024-01-10,378.47381591796875,379.85812659429405,372.0962281951205,372.14565492996707,25514200
2024-01-11,380.3129577636719,386.29504112370273,376.1106593210736,381.6675761983364,27850800
2024-01-12,384.10986328125,384.3174978189153,380.33273123391484,381.1632995596287,21645700
2024-01-16,385.8896484375,389.6074563331201,383.2693977344923,389.2416139939335,27202300
2024-01-17,385.0986633300781,385.73146439966996,380.4909626708054,383.6253964652766,22234100
2024-01-18,389.44921875,389.56786704822485,385.74130855522117,387.3233562733369,23392100
2024-01-19,394.1953430175781,394.1953430175781,389.0833577969474,391.31800122328355,29272000
2024-01-22,392.05963134765625,396.1234867411943,389.17239178292385,395.53021503062706,27016900
2024-01-23,394.42279052734375,394.89741393072353,389.5085719753557,391.30815176623645,20525900
2024-01-24,398.0417175292969,401.0772674984209,395.95541437351613,397.0331767370542,24867000
2024-01-25,400.32574462890625,402.44173980756733,398.0120123501686,399.7819298848838,21021200
2024-01-26,399.3963317871094,401.61121081981145,397.9131676038507,399.83139569486946,17803300
2024-01-29,405.121337890625,405.37842932819404,399.7918203197978,401.5024138062242,24510200
2024-01-30,404.0040283203125,408.4139613345208,401.8880631298829,407.6328499314226,33477600
2024-01-31,393.11761474609375,410.6585244475091,392.7517723927337,402.39234000988097,47871100
2024-02-01,399.248046875,403.42068358377554,397.2902591651768,397.3199212437322,30657700
2024-02-02,406.6044921875,408.01843470985267,399.03046395458153,399.2776579693306,28245000
2024-02-05,401.0970458984375,406.5452122317709,399.4556738410708,405.2993446059863,25352300
2024-02-06,400.9388122558594,403.3909878537456,398.38778318773774,401.3244494199643,18382600
2024-02-07,409.4027404785156,409.6499345085534,402.82738531452173,402.8669448083425,22340500
2024-02-08,409.4620666503906,410.895804101699,407.89981364987307,409.40274249689327,21225300
2024-02-09,415.82977294921875,416.0967618057892,410.4310639420329,410.58927173757974,22032800
2024-02-12,410.59912109375,416.017594125501,410.0948356904119,415.8396216919868,21202900
2024-02-13,401.759521484375,405.4674319451174,398.86241468639423,400.39500560681336,27824900
2024-02-14,405.6426696777344,405.989387335356,400.7689119546156,404.23602806912544,20401200
2024-02-15,402.740234375,405.2860956459485,400.4915726451575,404.30540669126674,21825500
2024-02-16,400.263671875,404.45394000272717,399.64950189121174,404.12702357209685,22281100
2024-02-20,399.005615234375,400.68962483118145,394.2705266937162,399.451369143448,24307900
2024-02-21,398.4013671875,398.51034941803397,393.4879766336977,396.41027241644326,18631100
2024-02-22,407.7823486328125,408.95125472253443,404.73129998270167,406.3360744839896,27009900
2024-02-23,406.4847106933594,411.95283750838547,405.1275871523173,411.76465043623483,16295900
2024-02-26,403.7110290527344,408.2876177161092,403.5326972396102,407.5941823661443,16193500
2024-02-27,403.6515808105469,404.4836850623454,400.055681208624,404.1567686089776,14835800
2024-02-28,403.8893127441406,405.45445472615467,401.51186772663095,404.3449824000404,13183100
2024-02-29,409.7536926269531,410.30842877280423,402.1062240667456,404.80066973124497,31947300
2024-03-01,411.5962219238281,411.9627407983519,407.019633390637,407.4059534745647,17800300
2024-03-04,411.0216979980469,413.4288600615765,408.44611984108144,409.55559222110224,17596000
2024-03-05,398.8669128417969,410.3579315766557,396.875818269098,410.07064779480004,26919200
2024-03-06,398.31219482421875,401.35335816221044,394.6469759902315,399.1839316978577,22344100
2024-03-07,405.2960205078125,405.929991794264,398.4608239093344,402.30437497315796,18718500
2024-03-08,402.4034423828125,406.5639942145303,400.53118498928256,404.12708488667965,17971700
2024-03-11,400.7193603515625,401.8684653107991,397.49000992509303,399.9665214154685,16120800
2024-03-12,411.3782653808594,411.66554917132913,402.9680422398846,403.7902307329295,22457000
2024-03-13,411.1999816894531,414.25103060175684,407.5842808912539,414.1717955341408,17115900
2024-03-14,421.22491455078125,423.8004927118293,414.06283197899603,416.2916924630243,34157300
2024-03-15,412.5075988769531,418.62952831732593,408.9116991847294,415.3506293663728,45049800
2024-03-18,413.39910888671875,416.77707411837673,409.8923602232522,410.3579455831781,20106000
2024-03-19,417.45068359375,417.7082504608342,411.6457249805596,413.90430223487067,19837900
2024-03-20,421.2347717285156,421.9578936817544,416.7077018080513,418.03510823968844,17860100
2024-03-21,425.33587646484375,426.77226517382667,423.1466488448073,425.7915460992778,21296200
2024-03-22,424.7118225097656,425.8212948665726,422.0669250575301,425.6628247277611,17636500
2024-03-25,418.8870544433594,423.39432359578046,417.64879867030754,421.2446982721868,18060500
2024-03-26,417.68841552734375,421.9876357811286,417.3912462453885,421.6112012034168,16725600
2024-03-27,417.4704895019531,420.4621347429845,415.073243298201,420.4522190231072,16705000
2024-03-28,416.7671813964844,417.9063706755069,415.1822079413489,417.0049168339557,21871200
2024-04-01,420.58099365234375,423.8698081123032,418.253066843913,419.9668236498753,16316000
2024-04-02,417.48040771484375,418.41157846327263,413.91422508584526,416.1628866591322,17912000
2024-04-03,416.4997253417969,419.2833219106777,415.1524873360607,415.7864888048433,16502300
2024-04-04,413.953857421875,424.6424895808556,413.64677241260966,420.9970416568271,19370900
2024-04-05,421.5220642089844,422.5027833332265,414.38972913104834,416.06385334615516,16544300
2024-04-08,420.600830078125,423.26555903906655,419.3229415986936,421.175397711729,14272400
2024-04-09,422.27490234375,423.7211765083397,417.6586815570047,422.43340269794294,12512300
2024-04-10,419.2833251953125,420.0460798769914,415.7567751324305,418.2233709862432,16216600
2024-04-11,423.909423828125,425.33589688609106,418.39174889077384,421.8192626102262,17966400
2024-04-12,417.9360656738281,421.1852474824693,415.82607308443,420.06585947169174,19232100
2024-04-15,409.7536926269531,422.80985372463516,409.54564389911945,422.59191950798987,20273500
2024-04-16,410.68487548828125,414.46899262640466,409.842885693827,410.67498999844975,16765600
2024-04-17,407.9706115722656,414.9444767069898,406.4747888910302,413.32978630581465,15855500
2024-04-18,400.47174072265625,408.0201737333556,400.15477020238865,406.7720021700929,21029900
2024-04-19,395.3701171875,401.67037838778936,394.03279488372993,400.23398957432255,30276500
2024-04-22,397.19281005859375,399.06506725448133,392.0317685818269,396.3210731778114,20286900
2024-04-23,403.7407531738281,404.36483895374073,399.2731164319855,400.4420226888204,15734500
2024-04-24,405.2166748046875,408.59463978116713,402.9580977513957,405.7119770552414,15065300
2024-04-25,395.2908630371094,396.1328829826048,384.3842968555106,390.32792438015684,40586500
2024-04-26,402.5024719238281,409.1197034555493,401.94773576133974,408.2975149317784,29694700
2024-04-29,398.470703125,402.50247113048255,395.4394554463583,401.4425169456961,19582100
2024-04-30,385.67205810546875,398.38153147568886,385.51358797981476,397.71781312224874,28781400
2024-05-01,391.2293701171875,397.9456678723463,386.6428661349504,388.92124454675456,23562500
2024-05-02,394.10211181640625,396.1724717048869,390.94208087323796,393.92381025223517,17709400
2024-05-03,402.8392639160156,403.32465048849417,398.0843437724287,398.50041099944804,17446700
2024-05-06,409.6546325683594,410.0409526402596,402.55198432258595,404.9195438147948,16996600
2024-05-07,405.4941101074219,410.7740499032866,405.2464589410717,410.7641341827589,20018200
2024-05-08,406.682861328125,408.35698568681687,402.88882840413817,404.3351330299559,11792300
2024-05-09,408.44610595703125,408.8423417605904,405.2563578574711,406.71254786446275,14689700
2024-05-10,410.84332275390625,411.477324178815,407.9309429487919,409.0602466503411,13402300
2024-05-13,409.83294677734375,414.4194510292962,406.9601994102217,414.0826490844057,15440200
2024-05-14,412.6462707519531,413.56752582141957,407.68333177957805,408.1489171745,15109300
2024-05-15,419.8609313964844,420.58538800605515,414.095139906024,414.7203513205961,22239500
2024-05-16,417.7868347167969,422.18315151911617,417.151719986036,418.59066930665216,17530100
2024-05-17,417.0127868652344,419.7021893979302,414.84938085500266,419.32507581561083,15352200
2024-05-20,422.103759765625,423.52287221703216,416.79445965158396,417.01278697375295,16272100
2024-05-21,425.77557373046875,429.6756642883686,421.6174517420971,423.5823671422162,21453300
2024-05-22,427.2443542480469,429.11998861717575,423.88016299593255,426.8176331949398,18073700
2024-05-23,423.7511291503906,430.3009184683396,422.183164058962,429.6757070386861,17211700
2024-05-24,426.8870544433594,427.7802005755344,421.180804345367,423.93965100741593,11845800
2024-05-28,427.0458984375,427.54209416529443,423.354201011294,426.361145910313,15718000
2024-05-29,425.9046630859375,427.6611850957416,422.451129846675,422.451129846675,15517100
2024-05-30,411.5149230957031,421.071626093263,411.08817181006793,421.071626093263,28424800
2024-05-31,411.971435546875,413.5791047255822,401.43224401056676,413.5791047255822,47995300
2024-06-03,410.3736572265625,413.2615196687407,405.8086812773789,412.3683735171778,17484700
2024-06-04,412.9042663574219,413.2714463024523,406.5628712460692,409.2919473930987,14348900
2024-06-05,420.7839050292969,420.8533494133481,413.13254520571803,414.6310659745161,16988000
2024-06-06,421.28997802734375,422.07397569799485,417.3799535645987,420.7838790172518,14861300
2024-06-07,420.62506103515625,423.03656463984385,419.7815223681209,422.9571866609439,13621700
2024-06-10,424.614501953125,424.8228956664724,420.664803577901,421.4686381861944,14003000
2024-06-11,429.3879089355469,429.52685827022987,422.01444801185045,422.24270893937995,14551100
2024-06-12,437.70416259765625,440.02635491441,429.95358793616725,432.00784546900513,22366200
2024-06-13,438.2201843261719,440.01644063600304,436.02700779586485,437.49575798146077,15960600
2024-06-14,439.2026672363281,439.7683376003339,433.39717151476515,434.94529966913103,13582000
2024-06-17,444.9585266113281,447.5089797746042,437.3667384679764,439.22250553797545,20790000
2024-06-18,442.9439697265625,446.7150751827561,441.50502038116036,446.28832386783046,17112500
2024-06-20,442.3088684082031,443.1325399619797,437.912551396736,442.9042790324355,19877400
2024-06-21,446.3578186035156,447.15171963768364,443.11270951249037,443.9760852156284,34486200
2024-06-24,444.26385498046875,449.30518978099155,443.0134321712583,446.37762314479846,15913700
2024-06-25,447.5188903808594,447.98531552571586,443.3508346061679,444.8394216277891,16747500
2024-06-26,448.71966552734375,450.1487114593878,444.7798707523325,445.5837053034348,16507000
2024-06-27,449.4044494628906,452.6991961641024,448.3326497960473,448.73953390240615,14806300
2024-06-28,443.54931640625,451.9151680373726,443.01341660893064,449.62274649126965,28362300
2024-07-01,453.2549133300781,453.8900280472802,442.2691337894114,445.2463078469115,17662800
2024-07-02,455.7855224609375,456.0931613731061,449.6624541774822,449.7517960549086,13979800
2024-07-03,457.26416015625,457.5122579984809,454.39616484845857,454.70380374999445,9932800
2024-07-05,464.0024719238281,464.7864695275555,455.47783432563756,456.11294900666536,16000300
2024-07-08,462.69256591796875,464.14147919648303,460.92611040198074,463.0002048353039,12962300
2024-07-09,456.04351806640625,463.7742246843102,454.5152269456782,463.4467488725584,17207200
2024-07-10,462.7024841308594,462.91087784219644,455.36869724486377,457.71075666628917,18196100
2024-07-11,451.2403869628906,461.2436790661222,448.1143297880847,459.457386639418,23111200
2024-07-12,450.09912109375,452.8877385900335,447.2211920029864,450.87318519796065,16324300
2024-07-15,450.5059814453125,453.7808911637112,447.99523247056425,449.85099950163277,14429400
2024-07-16,446.09979248046875,450.84342238707205,443.26156747821994,450.764044396858,17175700
2024-07-17,440.1454162597656,441.46531376189114,435.8384412822571,439.22249954002416,21778000
2024-07-18,437.0193786621094,441.2668124744543,431.0948010273652,440.95917357547034,20794800
2024-07-19,433.7841796875,437.7835460054657,428.7130742947466,429.80471086507333,20940400
2024-07-22,439.5698547363281,441.2172281155517,435.5705185548157,438.4286106688719,15808800
2024-07-23,441.4653015136719,444.9783753997072,439.7286166377608,440.5225176097392,13107100
2024-07-24,425.63665771484375,438.12095826115956,424.3366274271562,437.0987963490377,26805800
2024-07-25,415.216552734375,426.52980855641556,414.3333401430881,425.5374171635106,29943800
2024-07-26,422.0342712402344,425.6565240052853,414.0951402007918,415.0180872010169,23583800
2024-07-29,423.48321533203125,428.8619600435467,421.46866189532847,428.2962896472579,15125800
2024-07-30,419.7021789550781,425.7855127211385,414.18445497765873,424.4656455012434,32687600
2024-07-31,415.16693115234375,418.5708262456948,409.07363367025533,417.3005665174137,42891400
2024-08-01,413.93634033203125,424.20759683358074,409.94693801865395,417.58836350695543,30296400
2024-08-02,405.3819274902344,411.84240478431724,401.2635094994672,409.35149283755305,29437900
2024-08-05,392.1434326171875,397.9886321568055,382.6462402085907,386.20895177644206,40709200
2024-08-06,396.56951904296875,402.5834388839359,395.4679791086585,396.9565662320286,24946500
2024-08-07,395.39849853515625,406.95985229689995,394.44581127033643,405.53083654236127,20650900
2024-08-08,399.6260986328125,402.77196243732243,396.8970222599762,399.3780007807365,20203000
2024-08-09,402.93072509765625,404.945278327108,399.1993542150353,400.9558760021183,19276700
2024-08-12,403.7147216796875,405.6498969215895,401.16426864795665,403.9628195165785,16762900
2024-08-13,410.8599548339844,411.79280513110314,406.4537347921751,406.47357171655057,19414300
2024-08-14,413.6882629394531,414.54173528870035,409.3118435327495,411.64393908583247,18267000
2024-08-15,418.5796203613281,418.6591414148161,415.22923848625584,417.35676799168647,20752100
2024-08-16,416.0345153808594,418.88780719208,414.871311404525,418.15212368395106,22775600
2024-08-19,419.07672119140625,419.2954420190991,414.03622098500824,416.52167114516885,15234000
2024-08-20,422.32769775390625,423.3815262412174,419.18611531171354,419.24576369099765,16387600
2024-08-21,421.67156982421875,423.9183962597862,419.2656405890008,421.6118911043651,16067300
2024-08-22,413.13153076171875,424.30613578026436,412.1969990352219,421.8902550651885,19361900
2024-08-23,414.36431884765625,416.8199448280934,409.69166039420327,414.5532154876874,18493800
2024-08-26,411.08349609375,414.85144695028356,408.9460150702165,413.94673947074824,13152800
2024-08-27,411.43145751953125,411.9484202096587,407.8623548739229,410.4571501735566,13492900
2024-08-28,408.2103271484375,412.5847132206145,404.9394663484376,412.46541647118636,14882700
2024-08-29,410.71563720703125,419.59365733541364,408.2103145266043,412.52505209065583,17045200
2024-08-30,414.7122802734375,415.0602190186727,409.7314285183125,413.18123450252676,24308300
2024-09-03,407.05706787109375,417.4363096574994,404.6610903935457,415.47777381385856,20313600
2024-09-04,406.5202331542969,408.8466109265116,402.01659855552833,403.5476443909062,15135800
2024-09-05,406.0132141113281,410.69579375461194,403.7663574401279,405.24767603841406,14195500
2024-09-06,399.3621520996094,408.2600456523483,398.4673657515399,406.6793029587105,19609500
2024-09-09,403.3587646484375,406.2717051556254,399.80953429314275,404.8699075277366,15295100
2024-09-10,411.7894287109375,413.9070069368657,405.32725776034073,405.82434783346355,19594300
2024-09-11,420.57794189453125,421.52239474938517,407.19625641616165,413.08181573237965,19266900
2024-09-12,424.514892578125,424.8827343519594,417.30708702498356,420.84636566939764,17418800
2024-09-13,428.083984375,429.3167579290349,422.98383586069434,423.35167762504557,15874600
2024-09-16,428.8296203613281,431.0068771042965,425.72778345078893,428.09393683099876,13834700
2024-09-17,432.61749267578125,439.27851191640775,429.7542489465564,437.6679449037115,18874200
2024-09-18,428.302734375,433.4923558065776,427.9050683956392,432.46835149823806,18898000
2024-09-19,436.1368713378906,438.9305149970845,434.3572804602649,438.6620972919553,21706600
2024-09-20,432.73675537109375,436.6836515284863,431.6928784161533,434.6754186759471,55167100
2024-09-23,430.9870300292969,433.9198431554934,427.88519293448667,431.75253779309,15128900
2024-09-24,426.67230224609375,430.82796793229323,423.62016194748605,430.4799988167568,17015800
2024-09-25,429.5951232910156,430.5992548420044,426.07574778788546,427.3283940093525,13396400
2024-09-26,428.7998046875,432.766573468399,426.6324994108163,432.5578041483432,14492000
2024-09-27,425.5289611816406,429.33668800604624,424.98217425530135,429.0085915782672,14896100
2024-09-30,427.7956848144531,427.9150119120048,422.8943842039572,425.7178520466358,16807300
2024-10-01,418.24163818359375,425.9863098334652,416.37257469880086,425.95648564338745,19092900
2024-10-02,414.7023620605469,420.3592494217051,414.2847930567838,420.12062555956777,16582300
2024-10-03,414.11578369140625,417.1082451347957,411.8788784861643,415.19943635003835,13686400
2024-10-04,413.6385498046875,417.30707662196244,412.55489718933603,415.80585503539044,19169700
2024-10-07,407.1565246582031,414.68244492002515,406.6196589116371,413.5789195776064,20919800
2024-10-08,412.29638671875,413.24086987172007,405.79447124660754,408.5085632778344,19229300
2024-10-09,415.0303955078125,417.93341460570645,411.88878290651843,413.4397013585542,14974300
2024-10-10,413.4198303222656,414.9210519137125,410.74548354781774,412.81339505205864,13848400
2024-10-11,413.89703369140625,414.70231708134946,410.84489374484957,413.7180885691892,14144900
2024-10-14,416.7006530761719,421.5721293976272,415.09005586184196,415.3386008817118,16653100
2024-10-15,416.302978515625,420.0212328382582,412.84325107591724,419.72296059485484,18900200
2024-10-16,413.6982116699219,413.93680518127485,408.09105177334885,412.7537587941709,15508900
2024-10-17,414.2947082519531,420.0410676802283,413.17127995027164,419.9018679111856,14820000
2024-10-18,415.72637939453125,417.2076981243122,413.8374431583067,414.7123265536033,17145300
2024-10-21,416.3427429199219,416.5216880571269,411.3420182082338,413.6982202013397,14206100
2024-10-22,425.0219421386719,428.07405197206367,415.6070554250592,416.0544182638452,25482200
2024-10-23,422.1288757324219,428.5711433507003,420.0709156477079,428.35242251551375,19654400
2024-10-24,422.25811767578125,423.5008427798279,419.94166109145596,422.85460145374896,13581600
2024-10-25,425.658203125,430.0027653012564,424.0874119188817,424.2763085648032,16899100
2024-10-28,424.1072998046875,429.4261695906152,423.81897907057987,429.1478003666399,14882400
2024-10-29,429.43609619140625,430.64899709836675,423.32186444879665,425.5090727531412,17644100
2024-10-30,430.0126953125,435.9479514176919,429.5852051730896,434.8941229931156,29749100
2024-10-31,403.985107421875,413.73801220344217,403.9353802107126,412.94264988457604,53971000
2024-11-01,407.9816589355469,413.0818074048316,405.12836706972047,406.62958864176215,24230400
2024-11-04,406.082763671875,408.03137836159885,403.20959918238225,407.41496126180874,19672300
2024-11-05,409.0653076171875,412.4852893556826,405.70497425343626,405.99329495800964,17626000
2024-11-06,417.7345886230469,418.0030366685823,408.13080518207255,410.0197716507701,26681800
2024-11-07,422.9540100097656,424.3657590257446,417.43632288625736,418.8281688837221,19901800
2024-11-08,420.08087158203125,424.01781631688647,419.3252849907069,422.84469107033385,16891400
2024-11-11,415.57720947265625,422.3376216288976,413.5788978774876,420.0609408352946,24503300
2024-11-12,420.5679931640625,421.969790701444,414.77193671429194,415.81581365023004,19401200
2024-11-13,422.7253723144531,426.8313104637277,415.7760330857976,419.1860937392156,21502200
2024-11-14,424.4055480957031,425.6780973820496,417.5556327945319,422.526533184943,30246900
2024-11-15,412.5847473144531,420.3393400677491,411.23267692258383,417.3767027455775,28247600
2024-11-18,413.34033203125,415.9649517435253,409.7016291897124,412.4554971706168,24742000
2024-11-19,415.3585205078125,415.5076414577029,409.15481593264525,410.7057344914447,18133500
2024-11-20,413.0718688964844,414.86141123218795,408.19044109637775,414.4438422518667,19191700
2024-11-21,411.2887268066406,418.1722655525636,408.7186214344056,417.8933391524707,20780200
2024-11-22,415.40289306640625,415.80135498920845,409.48564079067086,409.79445106089474,24814600
2024-11-25,417.1860656738281,419.46727321033643,413.2611532266888,416.7776323033626,27691100
2024-11-26,426.350830078125,427.396826920373,417.24585120009374,417.98300734363517,23458900
2024-11-27,421.3699645996094,425.59374633298364,420.4036784238945,423.48184026594765,18332400
2024-11-29,421.83819580078125,423.25277076525435,416.1998692026867,418.4811073183322,16271900
2024-12-02,429.3293762207031,431.3416287639885,419.6963985253484,419.95541246483856,20207200
2024-12-03,429.5485534667969,430.8136785324232,426.10178307894205,428.19374634076934,18302000
2024-12-04,435.7447204589844,437.98610309109085,430.973057365549,431.3715193088951,26009400
2024-12-05,440.9248046875,442.9570002031869,434.4995257845279,436.2428234590915,21697800
2024-12-06,441.87115478515625,444.3914637865622,440.0780304611881,440.605999369761,18821000
2024-12-09,444.311767578125,446.61291802797285,438.8129196876974,440.904882933204,19144400
2024-12-10,441.6320495605469,447.89796761162455,439.9086948512907,442.6880177694449,18469500
2024-12-11,447.2704162597656,448.6252234428676,442.34933339299914,442.34933339299914,19200200
2024-12-12,447.83819580078125,454.4129240722559,447.389907127457,447.389907127457,20834800
2024-12-13,445.5569763183594,449.7010474581427,443.8734464678006,446.722508676707,20177800
2024-12-16,449.86041259765625,450.4481492573408,443.57458224663304,445.55695084461104,23598800
2024-12-17,452.7194519042969,453.5462901057899,447.84819595840975,449.2826833242326,22733500
2024-12-18,435.71484375,450.9163784238889,435.34623528561843,449.59148560028365,24444500
2024-12-19,435.356201171875,441.4826409757379,434.64892893973837,439.92861811038824,22963700
2024-12-20,434.9278869628906,442.04052591747404,426.98840977197597,431.4512325197303,64263700
2024-12-23,433.5830383300781,435.97384050264867,431.1722932989543,435.06732205874545,19152500
2024-12-24,437.64739990234375,437.91638528778583,432.52710135873434,432.98533109593694,7164500
2024-12-26,436.43206787109375,439.2512462781778,434.9577555797017,437.3983540840164,8194200
2024-12-27,428.881103515625,433.5531436249425,424.71711987555517,432.9355230391817,18117700
2024-12-30,423.2029113769531,425.91249514442245,420.2841404099869,424.42821148968693,13158700
2024-12-31,419.88568115234375,425.09566152109494,419.0489019483089,424.4680695178944,13246500
2025-01-02,416.97686767578125,424.43820240788705,413.2611726539346,423.90026204092493,16896500
2025-01-03,421.7286071777344,422.40599553232005,417.93320162542307,419.4672816518615,16662900
2025-01-06,426.21136474609375,432.6565862275622,423.85044657634234,426.3607841744266,20573600
2025-01-07,420.7523498535156,429.00063686122985,419.18835553907815,427.356962317073,18139100
2025-01-08,422.9339599609375,425.3347334633813,419.9255373117582,421.8381668103431,15054600
2025-01-10,417.345458984375,423.0833778600729,413.4304875422897,423.0036976315441,20201100
2025-01-13,415.5921936035156,416.8971739621178,410.71096634455273,413.6496498082875,17604800
2025-01-14,414.0780334472656,418.13242259689986,409.1469793562449,416.2098216251219,16935900
2025-01-15,424.67724609375,426.51019531397225,416.6680304830878,417.5247525233758,19637800
2025-01-16,422.953857421875,427.8450559110229,422.76461308505725,427.0581034768278,15300000
2025-01-17,427.3868408203125,432.81597982276594,426.53014915865293,432.4274589059452,26197500
2025-01-21,426.85888671875,429.2496888722742,423.9699995165458,428.55238804454143,26085700
2025-01-22,444.4910888671875,445.5569677171093,434.33014218783535,435.8841650351672,27803800
2025-01-23,444.9991149902344,445.03897030447143,439.8090775364838,440.30716256200645,18389300
2025-01-24,442.3592834472656,444.9393603072831,439.70946738545626,443.4550766157881,15549500
2025-01-27,432.8956604003906,433.5332238334213,421.8780219291722,422.3860783898249,35647800
2025-01-28,445.4872741699219,446.66274757404807,429.72785612913765,432.93552501884864,23491700
2025-01-29,440.6358947753906,445.16848684550723,438.7132938317083,444.97921209968376,23581400
2025-01-30,413.4006042480469,421.24045777086803,411.57762641112805,417.1661258658952,54586300
2025-01-31,413.4703369140625,419.0787791378778,413.32091748728266,417.3753368711932,34223400
2025-02-03,409.3462219238281,413.819015846871,407.09486781879804,410.02361028085903,25679100
2025-02-04,410.7906494140625,412.3347312724244,408.1707172498281,411.1094311345796,20532100
2025-02-05,411.7071228027344,412.2450327338191,408.828176805576,410.77072053658367,16316700
2025-02-06,414.2274475097656,416.59833715024297,412.41441067873023,412.41441067873023,16309800
2025-02-07,408.1806945800781,417.0466023053385,406.5370200109021,414.8849302333569,22886800
2025-02-10,410.6412048339844,413.86878595463395,409.3461959746536,412.12548842823685,20817900
2025-02-11,409.86419677734375,410.91016314142485,407.73237833536206,408.07110289586285,18140600
2025-02-12,407.473388671875,409.1768308737253,402.82126135721137,405.6503805324544,19121700
2025-02-13,408.9676513671875,409.4258810673793,404.8036375500993,405.4412009596675,23891700
2025-02-14,406.86572265625,407.3438952203064,404.3255012113121,406.22818963820515,22758500
2025-02-18,408.07110595703125,409.0274206742818,404.943117468385,406.43737251439387,21423100
2025-02-19,413.1814270019531,413.8986706302125,406.0887013451084,406.3178313932664,24114200
2025-02-20,415.3674621582031,418.5416276159257,411.78404435480104,414.52900508229465,23508700
2025-02-21,407.4619445800781,417.28390907488637,407.14255413255484,416.57521868274245,27524800
2025-02-24,403.2596740722656,408.6198287275297,398.58825743588903,407.7614192904554,26443700
2025-02-25,397.17083740234375,401.18349019975926,395.9730546936776,400.3649855487621,29387400
2025-02-26,398.99749755859375,402.860400830509,393.5275288045757,397.28064827533655,19619000
2025-02-27,391.8106994628906,404.9964840093174,391.45137377356565,400.53467393026557,21127400
2025-02-28,396.26251220703125,396.9013540385077,385.86162375466716,391.94046026830176,32845700
2025-03-03,387.778076171875,398.0891633417286,385.4523593369203,398.0891633417286,23007700
2025-03-04,387.8978576660156,391.86058386063223,380.30181761040467,382.6974135187692,29342900
2025-03-05,400.2851257324219,400.9339589862258,388.09750890861034,388.62653647287385,23433100
2025-03-06,396.1627197265625,401.4130601425524,391.9604125552081,393.557486671848,23304600
2025-03-07,392.5892639160156,394.07652376953155,384.83351327034705,391.601087821307,22034100
2025-03-10,379.46337890625,385.69193466137494,376.5287638766263,385.1329632711281,32840100
2025-03-11,379.7528381347656,385.29265558349334,376.2193166501511,378.30548307291184,30380200
2025-03-12,382.5676574707031,384.5140963348653,378.2555969008229,382.2482670126177,24253600
2025-03-13,378.0758972167969,384.6139126915579,376.75833925298997,382.4578672121625,20473000
2025-03-14,387.84796142578125,389.51491455417886,378.81455773398244,379.0840519928303,19952800
2025-03-17,387.98773193359375,391.99036302361236,384.8634626840814,385.9913968692823,22474300
2025-03-18,382.81719970703125,386.6601507855219,380.4016513456866,386.36071271152235,19486900
2025-03-19,387.1093444824219,388.9659214939022,383.29633715100766,384.8235322758774,19185500
2025-03-20,386.131103515625,391.07204471614995,382.5776297310475,385.0331131975468,18470500
2025-03-21,390.54302978515625,391.0221306945889,382.09851071654674,382.5177544739553,39675900
2025-03-24,392.35968017578125,394.67543616141086,389.09568331150246,394.67543616141086,21004500
2025-03-25,394.4358825683594,395.63366532055824,391.9205113732519,393.19816458592396,15775000
2025-03-26,389.2554016113281,394.5856126855185,387.85797313035886,394.27618318122023,16108400
2025-03-27,389.8642578125,391.5212195564284,386.6900923994873,389.4151007040484,13766800
2025-03-28,378.1058349609375,388.4169222438939,376.2392666189567,387.36882809704144,21632000
2025-03-31,374.7021179199219,376.3790320336197,366.5670283067677,371.8573344110368,35184700
2025-04-01,381.4896545410156,382.1484487727996,372.54608191207893,373.96346276032,19689500
2025-04-02,381.43975830078125,384.3743428432238,375.92985398533636,377.2773862564683,16092600
2025-04-03,372.42626953125,376.788287190408,368.67318036225987,374.10321411915555,30198000
2025-04-04,359.18060302734375,373.9035742050073,358.8212773354498,363.4627502923482,49209900
2025-04-07,357.2042236328125,370.32015981776436,344.1581969485817,350.2370336524557,50425000
2025-04-08,353.9102783203125,372.9652928837084,349.6081786868937,367.585185716996,35868900
2025-04-09,389.7744140625,392.50941370351666,352.45294739016697,352.8921435234206,50199700
2025-04-10,380.65118408203125,383.19649903483815,367.12599611378243,381.3598744812396,38024400
2025-04-11,387.7381896972656,389.3352333779351,378.19571053548395,379.9425037151649,23839200
2025-04-14,387.0993347167969,393.92679674338564,383.5059256339463,392.4994245329486,19251200
2025-04-15,385.0231628417969,391.17187833074144,383.4560325474498,387.79806728846995,17199900
2025-04-16,370.92901611328125,380.9106912763521,367.32564600100716,379.97244183574617,21967800
2025-04-17,367.1060485839844,373.6340726815441,366.2176953329466,373.0651098854367,20943700
2025-04-21,358.4619140625,363.8121077971333,355.01825440362086,362.1551460624454,20807300
2025-04-22,366.1478271484375,367.09606804173376,359.20055908423666,362.7141283475077,19485000
2025-04-23,373.7039489746094,379.6929540391626,372.33643389707953,375.3708716590499,20545500
2025-04-24,386.59027099609375,387.7381880213899,374.5024768665421,375.01155205300716,22232300
2025-04-25,391.1319580078125,391.44138750936105,383.8952433175299,386.29083932956814,18973200
2025-04-28,390.4432067871094,392.0202980494585,385.9315006090283,391.241728610284,16579400
2025-04-29,393.31793212890625,394.3759872470841,389.66463540586307,390.5829324517716,14974000
2025-04-30,394.53570556640625,395.93313400867555,383.73552563819743,389.58477271143016,36461100
2025-05-01,424.6204528808594,436.1892106723326,424.12136912560175,430.3199808366381,58938100
2025-05-02,434.48236083984375,438.63474141621873,429.20204608174254,430.948839257634,30757400
2025-05-05,435.3707275390625,438.6946118778074,431.3181395047298,432.07675654489867,20136100
2025-05-06,432.5159606933594,436.92787448428356,430.3798980651205,431.408009380462,15104200
2025-05-07,432.555908203125,437.3171563878889,430.319992206568,433.04500054847074,23295300
2025-05-08,437.3670654296875,442.85698666150637,434.86165526525525,437.12748451655574,23491300
2025-05-09,437.9260559082031,439.93235195021686,435.08127232610667,439.19371771814804,15324200
2025-05-12,448.4367370605469,448.5465208630377,438.9740982732109,445.12281367736733,22821900
2025-05-13,448.3169860839844,449.8441812103938,444.54388351816056,446.9594623818115,23618800
2025-05-14,452.1099853515625,453.0682176126866,447.3187935842875,447.3187935842875,19902800
2025-05-15,453.1300048828125,456.19000244140625,450.42999267578125,450.7699890136719,21992300
2025-05-16,454.2699890136719,454.3599853515625,448.7300109863281,452.04998779296875,23849800
2025-05-19,458.8699951171875,459.5899963378906,450.79998779296875,450.8800048828125,21336500
2025-05-20,458.1700134277344,458.3399963378906,454.32000732421875,455.5899963378906,15441800
2025-05-21,452.57000732421875,457.7799987792969,451.80999755859375,454.57000732421875,19216900
2025-05-22,454.8599853515625,460.25,453.8999938964844,454.95001220703125,18025600
2025-05-23,450.17999267578125,453.69000244140625,448.9100036621094,449.9800109863281,16883500
2025-05-27,460.69000244140625,460.95001220703125,456.1199951171875,456.4800109863281,20974300
2025-05-28,457.3599853515625,462.5199890136719,456.92999267578125,461.2200012207031,16992000
